,,
Trattorista,1,1
Agronomo,1,1
Operaio Agricolo,1,1
Vivaista,1,1
Addetto al Volantinaggio,1,2
Buyer,1,2
Capo Reparto,1,2
Cassiera,1,2
Commessa,1,2
Commessa di Abbigliamento,1,2
Fiorista,1,2
Macellaio,1,2
Mystery Shopper,1,2
Panettiere,1,2
Scaffalista,1,2
Store Manager,1,2
Vetrinista,1,2
Visual Merchandiser,1,2
Addetto Recupero Crediti,1,3
Archivista,1,3
Assistente Amministrativo,1,3
Assistente di Direzione,1,3
Business Analyst,1,3
Capo Ufficio,1,3
Operations Manager,1,3
Project Manager,1,3
Receptionist,1,3
Segretaria,1,3
Segretaria di Studio Medico,1,3
Attore,1,4
Ballerina,1,4
DJ,1,4
Fotografo,1,4
Grafico,1,4
Make Up Artist,1,4
Modella,1,4
Sarta,1,4
Stilista,1,4
Tecnico del Suono,1,4
Tecnico delle Luci,1,4
Cablatore,1,5
Caldaista,1,5
Calzolaio,1,5
Elettricista,1,5
Fabbro,1,5
Falegname,1,5
Giardiniere,1,5
Idraulico,1,5
Imbianchino,1,5
Orafo,1,5
Parquettista,1,5
Pavimentista,1,5
Piastrellista,1,5
Tappezziere,1,5
Vetraio,1,5
Agente Assicurativo,1,6
Assuntore,1,6
Attuario,1,6
Liquidatore Sinistri,1,6
Perito Assicurativo,1,6
Risk Manager,1,6
Chimico,1,7
Farmacista,1,7
Informatore Scientifico,1,7
Perito Chimico,1,7
Responsabile di Laboratorio,1,7
Commercialista,1,8
Contabile,1,8
Controller,1,8
Internal Auditor,1,8
Revisore Contabile,1,8
Ascensorista,1,9
Carpentiere Legno,1,9
Gruista,1,9
Intonacatore,1,9
Lattoniere,1,9
Muratore,1,9
Saldatore,1,9
Architetto,1,10
Product Designer,1,10
UX Designer,1,10
Web Designer,1,10
Analista del Credito,1,11
Analista di Mercato,1,11
Analista Finanziario,1,11
Consulente Finanziario,1,11
Operatore di Sportello Bancario,1,11
Promotore Finanziario,1,11
Avvocato,1,12
Legal Counsel,1,12
Segretaria di Studio Legale,1,12
Agente Immobiliare,1,13
Amministratore di Condominio,1,13
Facility Manager,1,13
Property Manager,1,13
Addetto al Confezionamento,1,14
Lean Manager,1,14
Montatore Meccanico,1,14
Operaio di Produzione,1,14
Operatore CNC,1,14
Programmatore CNC,1,14
Programmatore PLC,1,14
Responsabile di Produzione,1,14
Responsabile Qualità,1,14
Rettificatore,1,14
Tecnologo Alimentare,1,14
Verniciatore,1,14
Analista Programmatore,1,15
Consulente Informatico,1,15
Consulente SAP,1,15
Database Administrator,1,15
Ethical Hacker,1,15
Programmatore Informatico,1,15
Sistemista,1,15
Software Developer,1,15
Software Tester,1,15
Tecnico Elettronico,1,15
Tecnico Informatico,1,15
Web Developer,1,15
Webmaster,1,15
Ingegnere Aerospaziale,1,16
Ingegnere Ambientale,1,16
Ingegnere Biomedico,1,16
Ingegnere Chimico,1,16
Ingegnere Civile,1,16
Ingegnere dei Materiali,1,16
Ingegnere dell'Automazione,1,16
Ingegnere delle Telecomunicazioni,1,16
Ingegnere di Processo,1,16
Ingegnere Edile,1,16
Ingegnere Elettrico,1,16
Ingegnere Elettronico,1,16
Ingegnere Gestionale,1,16
Ingegnere Idraulico,1,16
Ingegnere Industriale,1,16
Ingegnere Informatico,1,16
Ingegnere Meccanico,1,16
Ingegnere Meccatronico,1,16
Ingegnere Navale,1,16
Educatore per l'Infanzia,1,17
Insegnante delle Scuole Superiori,1,17
Insegnante di Scuola Primaria,1,17
Insegnante di Sostegno,1,17
Insegnante di Yoga,1,17
Istruttore di Fitness,1,17
Istruttore di Nuoto,1,17
Istruttore Sportivo,1,17
Personal Trainer,1,17
Professore Universitario,1,17
Addetto alla Logistica,1,18
Addetto Import Export,1,18
Autista,1,18
Autista di Autobus,1,18
Camionista,1,18
Carrellista,1,18
Corriere,1,18
Fattorino,1,18
Magazziniere,1,18
Responsabile della Logistica,1,18
Responsabile di Magazzino,1,18
Spedizioniere,1,18
Supply Chain Manager,1,18
Brand Ambassador,1,19
Brand Manager,1,19
Content Manager,1,19
Data Analyst,1,19
Influencer,1,19
Manager delle Pubbliche Relazioni,1,19
Marketing Manager,1,19
Media Buyer,1,19
Media Planner,1,19
Operatore Telemarketing,1,19
Organizzatore di Eventi,1,19
Product Manager,1,19
Responsabile della Comunicazione,1,19
SEO Specialist,1,19
Social Media Manager,1,19
Web Marketing Manager,1,19
Carrozziere,1,20
Elettrauto,1,20
Fresatore,1,20
Gommista,1,20
Manutentore Meccanico,1,20
Meccanico,1,20
Operaio Metalmeccanico,1,20
Perito Meccanico,1,20
Progettista Meccanico,1,20
Tornitore,1,20
Addetto Stampa,1,21
Blogger,1,21
Copywriter,1,21
Giornalista,1,21
Instagrammer,1,21
Redattore,1,21
Technical Writer,1,21
Traduttore,1,21
Web Editor,1,21
Youtuber,1,21
Addetto Paghe,1,22
Consulente del Lavoro,1,22
HR Manager,1,22
Recruiter,1,22
Aiuto Cuoco,1,23
Barista,1,23
Cameriere,1,23
Cuoco,1,23
Gelataio,1,23
Lavapiatti,1,23
Pasticcere,1,23
Pizzaiolo,1,23
Restaurant Manager,1,23
Sommelier,1,23
Sushiman,1,23
Assistente alla Poltrona,1,24
Autista di Ambulanza,1,24
Chirurgo,1,24
Dentista,1,24
Dietista,1,24
Fisioterapista,1,24
Igienista Dentale,1,24
Infermiere,1,24
Logopedista,1,24
Massaggiatore,1,24
Medico,1,24
Naturopata,1,24
Nutrizionista,1,24
Operatore Socio Sanitario,1,24
Osteopata,1,24
Ostetrica,1,24
Ottico,1,24
Pediatra,1,24
Podologo,1,24
Psicologo,1,24
Psicoterapeuta,1,24
Radiologo,1,24
Tecnico di Radiologia,1,24
Veterinario,1,24
Biologo,1,25
Biotecnologo,1,25
Data Scientist,1,25
Fisico,1,25
Geologo,1,25
Sociologo,1,25
Tecnico Ambientale,1,25
Tecnico di Laboratorio,1,25
Addetta alle Pulizie,1,26
Animatore per Bambini,1,26
Baby Sitter,1,26
Bagnino,1,26
Benzinaio,1,26
Dog Sitter,1,26
Estetista,1,26
Operatore Ecologico,1,26
Parrucchiere,1,26
Personal Shopper,1,26
Postino,1,26
Rider,1,26
Tatuatore,1,26
Wedding Planner,1,26
Addetto Aeroportuale,1,27
Addetto al Servizio Clienti,1,27
Centralinista,1,27
Customer Service Manager,1,27
Operatore di Call Center,1,27
Responsabile di Call Center,1,27
Tecnico Help Desk,1,27
Addetto alla Sicurezza,1,28
Bodyguard,1,28
Buttafuori,1,28
Guardia Giurata,1,28
Investigatore Privato,1,28
IT Security Manager,1,28
Portiere Notturno,1,28
Responsabile della Sicurezza,1,28
Assistente Sociale,1,29
Badante,1,29
Colf,1,29
Mediatore Culturale,1,29
Operatore Socio Assistenziale,1,29
Agente di Viaggio,1,30
Animatore Turistico,1,30
Assistente di Volo,1,30
Guida Turistica,1,30
Hostess,1,30
Hotel Manager,1,30
Interprete,1,26
Maitre,1,23
Portiere d'Albergo,1,30
Account Manager,1,31
Agente di Commercio,1,31
Area Manager,1,31
Country Manager,1,31
Impiegato Commerciale,1,31
Key Account Manager,1,31
Promoter,1,31
Sales Analyst,1,31
Sales Manager,1,31
Tecnico Commerciale,1,31
Venditore,1,31
Tractor driver,2,34
Agronomist,2,34
Farmer,2,34
Nurseryman,2,34
Flyer operator,2,55
Buyer,2,55
Department head,2,55
Cashier,2,55
Shop assistant,2,55
Clothing Saleswoman,2,55
Florist,2,55
Butcher,2,55
Mystery Shopper,2,55
Baker,2,55
Shelter,2,55
Store Manager,2,55
Window dresser,2,55
Visual Merchandiser,2,55
Credit Recovery Officer,2,33
Archivist,2,33
Administrative Assistant,2,33
Assistant manager,2,33
Business Analyst,2,33
Head office,2,33
Operations Manager,2,33
Project Manager,2,33
Receptionist,2,33
Secretary,2,33
Medical Office Secretary,2,33
Actor,2,35
Dancer,2,35
DJ,2,35
Photographer,2,35
Graphic,2,35
Make Up Artist,2,35
Model,2,35
Seamstress,2,35
Stylist,2,35
Sound technician,2,35
Lighting Technician,2,35
Wiring harness,2,44
Boilerist,2,44
Shoemaker,2,44
Electrician,2,44
Blacksmith,2,44
Carpenter,2,44
Gardener,2,44
Plumber,2,44
Painter,2,44
Goldsmith,2,44
Parquetist,2,44
Paver,2,44
Tiler,2,44
Upholsterer,2,44
Glazier,2,44
Insurance agent,2,48
Underwriter,2,48
Actuary,2,48
Claims liquidator,2,48
Insurance Expert,2,48
Risk Manager,2,48
Chemist,2,53
Pharmacist,2,53
Scientific informant,2,53
Chemical expert,2,53
Laboratory Manager,2,53
Business consultant,2,32
Accountant,2,32
Controller,2,32
Internal Auditor,2,32
Auditor,2,32
Elevator operator,2,36
Wood Carpenter,2,36
Crane operator,2,36
Plasterer,2,36
Tinsmith,2,36
Bricklayer,2,36
Welder,2,36
Architect,2,40
Product Designer,2,40
UX Designer,2,40
Web Designer,2,40
Credit Analyst,2,43
Market Analyst,2,43
Financial analyst,2,43
Financial advisor,2,43
Bank branch operator,2,43
Financial promoter,2,43
Lawyer,2,49
Legal Counsel,2,49
Secretary of the Law Firm,2,49
Real estate agent,2,54
Building administrator,2,54
Facility Manager,2,54
Property Manager,2,54
Packaging clerk,2,47
Lean Manager,2,47
Mechanical Fitter,2,47
Production worker,2,47
CNC operator,2,47
CNC programmer,2,47
PLC programmer,2,47
Production manager,2,47
Quality manager,2,47
Rectifier,2,47
Food Technologist,2,47
Painter,2,47
Analyst Programmer,2,38
Computer consultant,2,38
SAP consultant,2,38
Database Administrator,2,38
Ethical Hacker,2,38
Computer programmer,2,38
System Engineer,2,38
Software Developer,2,38
Software Tester,2,38
Electronic technician,2,38
Computer technician,2,38
Web Developer,2,38
Webmaster,2,38
Aerospace engineer,2,42
Environmental engineer,2,42
Biomedical engineer,2,42
Chemical engineer,2,42
Civil engineer,2,42
Materials Engineer,2,42
Automation Engineer,2,42
Telecommunications engineer,2,42
Process Engineer,2,42
Construction engineer,2,42
Electrical engineer,2,42
Electrical engineer,2,42
Management engineer,2,42
Hydraulic Engineer,2,42
Industrial Engineer,2,42
Computer engineer,2,42
Mechanical engineer,2,42
Mechatronic Engineer,2,42
Naval Engineer,2,42
Childhood Educator,2,41
High School Teacher,2,41
Primary School Teacher,2,41
Support teacher,2,41
Yoga teacher,2,41
Fitness Instructor,2,41
Swimming instructor,2,41
Sports Instructor,2,41
Personal trainer,2,41
University professor,2,41
Logistics Officer,2,50
Import Export Officer,2,50
Driver,2,50
Bus driver,2,50
Truck driver,2,50
Forklift driver,2,50
Courier service,2,50
Delivery man,2,50
Warehouse worker,2,50
Logistics Manager,2,50
Warehouse Manager,2,50
Forwarder,2,50
Supply Chain Manager,2,50
Brand Ambassador,2,19
Brand Manager,2,19
Content Manager,2,19
Data Analyst,2,19
Influencer,2,19
Public Relations Manager,2,19
Marketing Manager,2,19
Media Buyer,2,19
Media Planner,2,19
Telemarketing Operator,2,19
Event organizer,2,19
Product Manager,2,19
Communication Manager,2,19
SEO Specialist,2,19
Social Media Manager,2,19
Web Marketing Manager,2,19
Coachbuilder,2,51
Auto electrician,2,51
Milling machine,2,51
Tire dealer,2,51
Mechanical maintenance technician,2,51
Mechanic,2,51
Metalworker,2,51
Mechanical expert,2,51
Mechanical designer,2,51
Turner,2,51
Press officer,2,52
Blogger,2,52
Copywriter,2,52
Journalist,2,52
Instagrammer,2,52
Editor,2,52
Technical Writer,2,52
Translator,2,52
Web Editor,2,52
Youtuber,2,52
Payroll Clerk,2,46
Labor consultant,2,46
HR Manager,2,46
Recruiter,2,46
Help Cook,2,37
Bartender,2,37
Waiter,2,37
Cook,2,37
Ice cream maker,2,37
Dishwasher,2,37
Pastry chef,2,37
Pizzaiolo,2,37
Restaurant Manager,2,37
Sommelier,2,37
Sushiman,2,37
Chair Assistant,2,45
Ambulance driver,2,45
Surgeon,2,45
Dentist,2,45
Dietitian,2,45
Physiotherapist,2,45
Dental hygienist,2,45
Nurse,2,45
Speech therapist,2,45
Massage therapist,2,45
Doctor,2,45
Naturopath,2,45
Nutritionist,2,45
Operator social health,2,45
Osteopath,2,45
Midwife,2,45
Optical,2,45
Pediatrician,2,45
Podiatrist,2,45
Psychologist,2,45
Psychotherapist,2,45
Radiologist,2,45
Radiology technician,2,45
Veterinary,2,45
Biologist,2,58
Biotechnologist,2,58
Data Scientist,2,58
Physical,2,58
Geologist,2,58
Sociologist,2,58
Environmental Technician,2,58
Laboratory technician,2,58
Cleaning lady,2,61
Animator for children,2,61
Baby Sitter,2,61
Lifeguard,2,61
Gas station,2,61
Dog sitter,2,61
Beautician,2,61
Ecological operator,2,61
Hairdresser,2,61
Personal Shopper,2,61
Postman,2,61
Rider,2,61
Tattoo artist,2,61
Wedding planner,2,61
Airport Attendant,2,39
Customer Service Officer,2,39
Switchboard operator,2,39
Customer Service Manager,2,39
Call Center Operator,2,39
Call Center Manager,2,39
Help Desk Technician,2,39
Security Officer,2,56
Bodyguard,2,56
Bouncer,2,56
Security guard,2,56
Private detective,2,56
IT Security Manager,2,56
Night porter,2,56
Security Manager,2,56
Social worker,2,59
Caregiver,2,59
Maid,2,59
Cultural mediator,2,59
Social welfare operator,2,59
Travel agent,2,60
Entertainer,2,60
Flight attendant,2,60
Tourist guide,2,60
Hostess,2,60
Hotel Manager,2,60
Interpreter,2,61
Maitre,2,37
Hotel Concierge,2,60
Account Manager,2,57
Commercial Agent,2,57
Area Manager,2,57
Country Manager,2,57
Commercial clerk,2,57
Key Account Manager,2,57
Promoter,2,57
Sales Analyst,2,57
Sales Manager,2,57
Technical Sales,2,57
Seller,2,57
Conductor de tractor,3,64
Agrónomo,3,64
Granjero,3,64
Horticultor,3,64
Operador de volante,3,90
Comprador,3,90
Jefe de departamento,3,90
Cajero,3,90
Asistente de ventas,3,90
Vendedora de ropa,3,90
Florista,3,90
carnicero,3,90
Comprador misterioso,3,90
panadero,3,90
Abrigo,3,90
Gerente de la tienda,3,90
Aparador de ventana,3,90
Comercializador visual,3,90
Oficial de recuperación de crédito,3,63
Archivista,3,63
Asistente Administrativo,3,63
Subdirector,3,63
Analista de negocios,3,63
Oficina central,3,63
Gerente de Operaciones,3,63
Gerente de proyecto,3,63
Recepcionista,3,63
Secretario,3,63
Secretaria de la oficina médica,3,63
Actor,3,76
Bailarín,3,76
DJ,3,76
Fotógrafo,3,76
Gráfico,3,76
Maquilladora,3,76
Modelo,3,76
Costurera,3,76
Estilista,3,76
Técnico de sonido,3,76
Técnicos de iluminación,3,76
Arnés de cableado,3,65
Boilerist,3,65
Zapatero,3,65
Electricista,3,65
Herrero,3,65
Carpintero,3,65
Jardinero,3,65
Fontanero,3,65
Pintor,3,65
Orfebre,3,65
Parquetista,3,65
Pavimentadora,3,65
Tiler,3,65
Tapicero,3,65
Vidriero,3,65
Agente de seguros,3,86
Asegurador,3,86
Actuario,3,86
Liquidador de reclamaciones,3,86
Experto en seguros,3,86
Administrador de riesgos,3,86
Químico,3,82
Farmacéutico,3,82
Informante científico,3,82
Experto químico,3,82
Responsable de laboratorio,3,82
Consultor de negocios,3,69
Contador,3,69
Controlador,3,69
Auditor interno,3,69
Auditor,3,69
Operador de ascensor,3,71
Carpintero de madera,3,71
Operador de grúa,3,71
Yesero,3,71
Hojalatero,3,71
Albañil,3,71
Soldador,3,71
Arquitecto,3,70
Diseñador de producto,3,70
Diseñador UX,3,70
Diseñador web,3,70
Analista de crédito,3,73
Analista de mercado,3,73
Analista financiero,3,73
Asesor financiero,3,73
Operador de sucursal bancaria,3,73
Promotor financiero,3,73
Abogado,3,77
Consejero legal,3,77
Secretario de la Firma de Abogados,3,77
Agente de bienes raíces,3,67
Administrador del edificio,3,67
Gerente de la instalación,3,67
Administrador de la propiedad,3,67
Empleado de embalaje,3,74
Gerente Lean,3,74
Instalador mecánico,3,74
Trabajador de produccion,3,74
Operador CNC,3,74
Programador CNC,3,74
Programador de PLC,3,74
Jefe de producción,3,74
Gerente de Calidad,3,74
Rectificador,3,74
Tecnólogo de comida,3,74
Pintor,3,74
Programador analista,3,87
Consultor informático,3,87
Consultor SAP,3,87
Administrador de base de datos,3,87
Hacker ético,3,87
Programador,3,87
Ingeniero de sistemas,3,87
Desarrollador de software,3,87
Probador de software,3,87
Técnico electronico,3,87
Técnico en computación,3,87
Desarrollador web,3,87
Administrador de página web,3,87
Ingeniero aeroespacial,3,75
Ingeniero ambiental,3,75
Ingeniero biomédico,3,75
Ingeniero químico,3,75
Ingeniero civil,3,75
Ingeniero de materiales,3,75
Ingeniero de automatización,3,75
Ingeniero de telecomunicaciones,3,75
Ingeniero de Procesos,3,75
Ingeniero constructor,3,75
Ingeniero eléctrico,3,75
Ingeniero eléctrico,3,75
Ingeniero de gestión,3,75
Ingeniero Hidraulico,3,75
Ingeniero industrial,3,75
Ingeniero informático,3,75
Ingeniero mecánico,3,75
Ingeniero Mecatrónico,3,75
Ingeniero naval,3,75
Educador infantil,3,72
Profesor de instituto,3,72
Profesor de escuela primaria,3,72
Profesor de apoyo,3,72
Profesora de yoga,3,72
Instructor de fitness,3,72
Instructor de natación,3,72
Instructor de deportes,3,72
Entrenador personal,3,72
profesor universitario,3,72
Oficial de Logística,3,78
Oficial de importación y exportación,3,78
Conductor,3,78
Conductor de autobús,3,78
Conductor de camión,3,78
Conductor del montacargas,3,78
servicio de mensajería,3,78
Repartidor,3,78
Trabajador de almacén,3,78
Gerente de Logistica,3,78
Jefe de almacén,3,78
Promotor,3,78
gerente de compras,3,78
Embajador de la marca,3,79
Gerente de marca,3,79
Gestor de contenidos,3,79
Analista de datos,3,79
Hombre de influencia,3,79
Director de Relaciones Públicas,3,79
Gerente de marketing,3,79
Comprador de medios,3,79
Planificador de medios,3,79
Operador de telemarketing,3,79
Organizador de eventos,3,79
Gerente de producto,3,79
Gerente de comunicación,3,79
Especialista en SEO,3,79
Gerente de redes sociales,3,79
Gerente de marketing web,3,79
Carrocero,3,80
Auto electrico,3,80
Fresadora,3,80
Distribuidor de llantas,3,80
Técnico de mantenimiento mecánico,3,80
Mecánico,3,80
Obrero metalúrgico,3,80
Experto mecánico,3,80
Diseñador mecanico,3,80
Tornero,3,80
Oficial de prensa,3,81
Blogger,3,81
Redactor,3,81
El periodista,3,81
Instagrammer,3,81
Editor,3,81
Escritor técnico,3,81
Traductor,3,81
Editor web,3,81
Youtuber,3,81
Empleado de la nómina,3,83
Consultor laboral,3,83
Gerente de Recursos Humanos,3,83
Reclutador,3,83
Ayuda a cocinar,3,62
Barman,3,62
Mesero,3,62
cocinero,3,62
Fabricante de helados,3,62
Lavaplatos,3,62
Repostero,3,62
Pizzaiolo,3,62
Gerente del restaurante,3,62
Sumiller,3,62
Sushiman,3,62
Asistente de silla,3,84
Chofer de ambulancia,3,84
Cirujano,3,84
Dentista,3,84
Dietético,3,84
Fisioterapeuta,3,84
Higienista dental,3,84
Enfermero,3,84
Logopeda,3,84
Masajista,3,84
Médico,3,84
Naturópata,3,84
Nutricionista,3,84
Operador de salud social,3,84
Osteópata,3,84
Partera,3,84
Óptico,3,84
Pediatra,3,84
Podólogo,3,84
Psicólogo,3,84
Psicoterapeuta,3,84
Radiólogo,3,84
Técnico de radiología,3,84
Veterinario,3,84
Biólogo,3,68
Biotecnólogo,3,68
Científico de datos,3,68
Físico,3,68
Geólogo,3,68
Sociólogo,3,68
Técnico ambiental,3,68
Técnico de laboratorio,3,68
Señora de la limpieza,3,89
Animador para niños,3,89
Niñera,3,89
Salvavidas,3,89
Gasolinera,3,89
Cuidador de perros,3,89
Cosmetólogo,3,89
Operador ecológico,3,89
Peluquero,3,89
Comprador personal,3,89
Cartero,3,89
Jinete,3,89
Tatuador,3,89
Planificador de la boda,3,89
Asistente de aeropuerto,3,66
oficial de servicio al cliente,3,66
Telefonista,3,66
Gerente del servicio al cliente,3,66
Operador del centro de Asistencia telefónica,3,66
Gerente de centro de llamadas,3,66
Técnico de ayuda informática,3,66
Oficial de seguridad,3,85
Guardaespaldas,3,85
Bravucón,3,85
Guardia de seguridad,3,85
Detective privado,3,85
Gerente de seguridad de TI,3,85
Portero de noche,3,85
Gerente de seguridad,3,85
Trabajador social,3,59
Cuidador,3,59
Sirvienta,3,59
Mediador cultural,3,59
Operador de bienestar social,3,59
Agente de viajes,3,88
Artista,3,88
Auxiliar de vuelo,3,88
Guía turística,3,88
Anfitriona,3,88
Gerente del hotel,3,88
Interprete,3,89
Maitre,3,62
Conserje del hotel,3,88
Gerente de cuentas,3,91
Agente comercial,3,91
Gerente de área,3,91
Gerente de País,3,91
Empleado comercial,3,91
Ejecutivo de cuentas Clave,3,91
Promotor,3,91
Analista de Ventas,3,91
Gerente de ventas,3,91
Ventas técnicas,3,91
Vendedor,3,91
Conducteur de tracteur,4,34
Agronome,4,34
Agriculteur,4,34
Pépiniériste,4,34
Opérateur de circulaires,4,117
Acheteur,4,117
chef de département,4,117
La caissière,4,117
Vendeur,4,117
Vendeuse de vêtements,4,117
Fleuriste,4,117
Boucher,4,117
Client mystère,4,117
boulanger,4,117
Abri,4,117
Gérant de magasin,4,117
Commode de fenêtre,4,117
Merchandiseur visuel,4,117
Agent de recouvrement de crédit,4,33
Archiviste,4,33
adjointe administrative,4,33
Directeur adjoint,4,33
Analyste d'affaires,4,33
Siège social,4,33
directeur des opérations,4,33
Chef de projet,4,33
Réceptionniste,4,33
secrétaire,4,33
Secrétaire du cabinet médical,4,33
Acteur,4,35
Danseur,4,35
DJ,4,35
Photographe,4,35
Graphique,4,35
Maquilleur,4,35
Modèle,4,35
Couturière,4,35
Styliste,4,35
Ingénieur du son,4,35
Technicien en éclairage,4,35
Faisceau de câblage,4,92
Chaudière,4,92
Cordonnier,4,92
Électricien,4,92
Forgeron,4,92
Charpentier,4,92
Jardinier,4,92
Plombier,4,92
Peintre,4,92
Orfèvre,4,92
Parquetiste,4,92
Pavé,4,92
Carreleur,4,92
Tapissier,4,92
Vitrier,4,92
Agent d'assurance,4,93
Souscripteur,4,93
Actuaire,4,93
Liquidateur de sinistres,4,93
Expert en assurance,4,93
Gestionnaire des risques,4,93
Chimiste,4,95
Pharmacien,4,95
Informateur scientifique,4,95
Expert en chimie,4,95
Responsable de laboratoire,4,95
Consultant en affaires,4,97
Comptable,4,97
Manette,4,97
Auditeur interne,4,97
Auditeur,4,97
Opérateur d'ascenseur,4,94
Menuisier en bois,4,94
Grutier,4,94
Plâtrier,4,94
Ferblantier,4,94
Maçon,4,94
Soudeur,4,94
Architecte,4,98
Concepteur de produits,4,98
Concepteur UX,4,98
Concepteur Web,4,98
Analyste de crédit,4,105
Analyste de marché,4,105
Analyste financier,4,105
Conseiller financier,4,105
Exploitant d'agence bancaire,4,105
Promoteur financier,4,105
Avocat,4,100
Conseiller juridique,4,100
Secrétaire du cabinet d'avocats,4,100
Agent immobilier,4,102
Administrateur de bâtiment,4,102
Directeur de l'établissement,4,102
Gestionnaire de l'immeuble,4,102
Commis à l'emballage,4,103
Gestionnaire Lean,4,103
Ajusteur mécanique,4,103
Ouvrier de production,4,103
Opérateur CNC,4,103
Programmeur CNC,4,103
programmeur automate,4,103
Directeur de production,4,103
Responsable qualité,4,103
Redresseur,4,103
Technologue en alimentation,4,103
Peintre,4,103
Programmeur Analyste,4,106
Conseillère en informatique,4,106
Consultante SAP,4,106
Administrateur de base de données,4,106
Hacker éthique,4,106
Programmeur,4,106
Ingénieur système,4,106
Développeur de logiciels,4,106
Testeur de logiciel,4,106
Technicien électronique,4,106
Technicien informatique,4,106
Développeur web,4,106
Webmestre,4,106
Ingénieur aérospatial,4,104
Ingénieur environnemental,4,104
Ingénieur biomédical,4,104
Ingénieur chimiste,4,104
Ingénieur civil,4,104
Ingénieur des matériaux,4,104
Ingénieur Automatisme,4,104
Ingénieur en télécommunications,4,104
Ingénieur de procédé,4,104
Ingénieur en bâtiment,4,104
Ingénieur éléctricien,4,104
Ingénieur éléctricien,4,104
Ingénieur de gestion,4,104
Ingénieur hydraulique,4,104
Ingénieur industriel,4,104
Ingénieur informaticien,4,104
Ingénieur mécanique,4,104
Ingénieur mécatronique,4,104
Ingénieur naval,4,104
Éducatrice de l'enfance,4,101
Professeur de lycée,4,101
Enseignant d'école primaire,4,101
Enseignant de soutien,4,101
professeur de yoga,4,101
Instructeur de conditionnement physique,4,101
Moniteur de natation,4,101
Moniteur de sport,4,101
Entraîneur personnel,4,101
professeur d'université,4,101
agent logistique,4,107
Chargé d'Import Export,4,107
Chauffeur,4,107
Conducteur de bus,4,107
Conducteur de camion,4,107
Conducteur de chariot élévateur,4,107
messagerie,4,107
Livreur,4,107
Ouvrier d'entrepôt,4,107
Gestionnaire de la logistique,4,107
Directeur d'entrepôt,4,107
Transitaire,4,107
Gestionnaire de la chaine d'approvisionnement,4,107
Ambassadeur de la marque,4,96
Chef de marque,4,96
Gestionnaire de contenu,4,96
Analyste de données,4,96
Influenceur,4,96
Responsable des relations publiques,4,96
Responsable marketing,4,96
Acheteur média,4,96
Planificateur média,4,96
Opérateur de télémarketing,4,96
Organisateur de l'événement,4,96
Chef de produit,4,96
Responsable de la communication,4,96
Spécialiste SEO,4,96
Gestionnaire des médias sociaux,4,96
Responsable Webmarketing,4,96
Carrosserie,4,108
Électricien automobile,4,108
Fraiseuse,4,108
Revendeur de pneus,4,108
Technicien de maintenance mécanique,4,108
Mécanique,4,108
Ouvrier métallurgiste,4,108
Expert en mécanique,4,108
Concepteur mécanique,4,108
Tourneur,4,108
attaché de presse,4,109
Blogueur,4,109
Rédacteur,4,109
Journaliste,4,109
Instagrammeur,4,109
Éditeur,4,109
Rédacteur technique,4,109
Traducteur,4,109
Éditeur Web,4,109
Youtubeur,4,109
Commis à la paie,4,110
Conseillère du travail,4,110
responsable des ressources humaines,4,110
Recruteur,4,110
Aider à cuisiner,4,111
Barman,4,111
Serveur,4,111
cuisinier,4,111
Machine à crème glacée,4,111
Lave-vaisselle,4,111
Chef pâtissier,4,111
Pizzaïolo,4,111
Gérant de restaurant,4,111
Sommelier,4,111
Sushiman,4,111
Assistant du président,4,112
Conducteur d'ambulance,4,112
Chirurgien,4,112
Dentiste,4,112
Diététicien,4,112
Physiothérapeute,4,112
Hygiéniste dentaire,4,112
Infirmière,4,112
Orthophoniste,4,112
Massothérapeute,4,112
Docteur,4,112
Naturopathe,4,112
Nutritionniste,4,112
Opérateur social santé,4,112
Ostéopathe,4,112
Sage-femme,4,112
Optique,4,112
Pédiatre,4,112
Podologue,4,112
Psychologue,4,112
Psychothérapeute,4,112
Radiologue,4,112
Technicien en radiologie,4,112
Vétérinaire,4,112
Biologiste,4,113
Biotechnologiste,4,113
Scientifique des données,4,113
Physique,4,113
Géologue,4,113
Sociologue,4,113
Technicien en environnement,4,113
Technicien de laboratoire,4,113
Femme de ménage,4,99
Animatrice pour enfants,4,99
Baby-sitter,4,99
Sauveteur,4,99
Station-essence,4,99
Garde de chien,4,99
Esthéticien,4,99
Opérateur écologique,4,99
Coiffeur,4,99
Acheteur personnel,4,99
Facteur,4,99
Cavalier,4,99
Tatoueur,4,99
Planificateur de mariage,4,99
Préposé à l'aéroport,4,115
Agent de service à la clientèle,4,115
Standardiste,4,115
Gestionnaire de service à la clientèle,4,115
Opérateur de centre d'appels,4,115
Gestionnaire de centre d'appels,4,115
Technicien d'assistance,4,115
Agent de sécurité,4,114
Garde du corps,4,114
Videur,4,114
Garde de sécurité,4,114
Détective privé,4,114
Responsable sécurité informatique,4,114
Veilleur de nuit,4,114
Responsable de la sécurité,4,114
Travailleur social,4,59
Soignant,4,59
Femme de ménage,4,59
Médiateur culturel,4,59
Opérateur de l'aide sociale,4,59
Agent de voyage,4,116
Artiste,4,116
Agent de bord,4,116
Guide touristique,4,116
Hôtesse,4,116
Directeur de l'hôtel,4,116
Interprète,4,99
Maître,4,111
Conciergerie d'hôtel,4,116
Gestionnaire de compte,4,118
Agent commercial,4,118
Chef de secteur,4,118
Responsable Pays,4,118
Commis de commerce,4,118
Responsable d'Affaires,4,118
Promoteur,4,118
Analyste des ventes,4,118
Directeur commercial,4,118
Ventes techniques,4,118
Vendeur,4,118
拖拉机司机,5,123
农学家,5,123
农民,5,123
托儿所,5,123
传单操作员,5,148
买方,5,148
部门主管,5,148
出纳员,5,148
售货员,5,148
服装售货员,5,148
花店,5,148
屠夫,5,148
神秘顾客,5,148
贝克,5,148
庇护所,5,148
店经理,5,148
橱窗梳妆台,5,148
视觉跟单员,5,148
信用追回官,5,143
档案管理员,5,143
行政助理,5,143
助理,5,143
业务分析师,5,143
总公司,5,143
运营经理,5,143
专案经理,5,143
接待员,5,143
秘书,5,143
医务室秘书,5,143
演员,5,141
舞蹈家,5,141
DJ,5,141
摄影师,5,141
形象的,5,141
彩妆大师,5,141
模型,5,141
裁缝,5,141
造型师,5,141
音响技师,5,141
照明技术员,5,141
线束,5,134
锅炉工,5,134
鞋匠,5,134
电工,5,134
铁匠,5,134
木匠,5,134
园丁,5,134
水管工,5,134
画家,5,134
金匠,5,134
镶木地板,5,134
摊铺机,5,134
瓦工,5,134
室内装潢师,5,134
玻璃器,5,134
保险代理人,5,121
承销商,5,121
精算师,5,121
索赔清算人,5,121
保险专家,5,121
风险经理,5,121
化学家,5,125
药剂师,5,125
科学线人,5,125
化学专家,5,125
实验室经理,5,125
商业顾问,5,120
会计,5,120
控制器,5,120
内部审计,5,120
审核员,5,120
电梯操作员,5,132
木匠,5,132
起重机操作员,5,132
泥水匠,5,132
铁匠铺,5,132
瓦工,5,132
焊机,5,132
建筑师,5,145
产品设计师,5,145
用户体验设计师,5,145
网站设计者,5,145
信用分析师,5,146
市场分析师,5,146
金融分析师,5,146
财务顾问,5,146
银行分行操作员,5,146
金融推动者,5,146
律师,5,137
法律顾问,5,137
律师事务所秘书,5,137
房地产中介,5,133
楼宇管理员,5,133
设施经理,5,133
物业经理,5,133
包装员,5,130
精益经理,5,130
机械钳工,5,130
生产工人,5,130
数控操作员,5,130
数控编程器,5,130
PLC程序员,5,130
产品经理,5,130
质量经理,5,130
整流器,5,130
食品技术员,5,130
画家,5,130
分析师程序员,5,144
电脑顾问,5,144
SAP顾问,5,144
数据库管理员,5,144
道德黑客,5,144
计算机程序员,5,144
系统工程师,5,144
软件开发师,5,144
软件测试员,5,144
电子技术员,5,144
电脑技术员,5,144
Web开发人员,5,144
站长,5,144
航空工程师,5,131
环境工程师,5,131
生物医学工程师,5,131
化工工程师,5,131
土木工程师,5,131
材料工程师,5,131
自动化工程师,5,131
电信工程师,5,131
工艺工程师,5,131
建筑工程师,5,131
电气工程师,5,131
电气工程师,5,131
管理工程师,5,131
液压工程师,5,131
工业工程师,5,131
电脑工程师,5,131
机械工程师,5,131
机电工程师,5,131
海军工程师,5,131
儿童教育家,5,135
高中教师,5,135
小学教师,5,135
支持老师,5,135
瑜伽老师,5,135
健身教练,5,135
游泳教练,5,135
体育教练,5,135
私人教练,5,135
大学教授,5,135
后勤干事,5,138
进出口主任,5,138
司机,5,138
巴士司机,5,138
卡车司机,5,138
叉车司机,5,138
快递服务,5,138
邮递员,5,138
仓库工人,5,138
物流经理,5,138
仓库经理,5,138
货代,5,138
供应链经理,5,138
品牌代言人,5,142
品牌经理,5,142
内容管理者,5,142
数据分析师,5,142
影响者,5,142
公关经理,5,142
市场经理,5,142
媒体采购员,5,142
媒体策划师,5,142
电话推销员,5,142
活动组织者,5,142
产品经理,5,142
通讯经理,5,142
搜索引擎优化专家,5,142
社交媒体经理,5,142
网络营销经理,5,142
车身制造商,5,124
汽车电工,5,124
铣床,5,124
轮胎经销商,5,124
机械维修技师,5,124
机械,5,124
金属工人,5,124
机械专家,5,124
机械设计师,5,124
车工,5,124
新闻官,5,127
博主,5,127
文案,5,127
记者,5,127
网友,5,127
编辑,5,127
技术文件撰稿人,5,127
翻译,5,127
网页编辑器,5,127
优酷,5,127
工资结算员,5,119
劳工顾问,5,119
人力资源经理,5,119
招聘人员,5,119
帮忙做饭,5,149
调酒师,5,149
服务员,5,149
厨师,5,149
冰淇淋机,5,149
洗碗机,5,149
糕点厨师,5,149
皮扎约洛,5,149
餐厅经理,5,149
侍酒师,5,149
寿司满,5,149
主席助理,5,122
救护车司机,5,122
外科医生,5,122
牙医,5,122
营养师,5,122
物理治疗师,5,122
牙科保健员,5,122
护士,5,122
语言治疗师,5,122
按摩治疗师,5,122
医生,5,122
自然疗法,5,122
营养师,5,122
运营商社会健康,5,122
整骨医生,5,122
助产士,5,122
光学的,5,122
儿科医生,5,122
足科医生,5,122
心理学家,5,122
心理治疗师,5,122
放射科医师,5,122
放射技师,5,122
兽医,5,122
生物学家,5,140
生物技术专家,5,140
数据科学家,5,140
身体的,5,140
地质学家,5,140
社会学家,5,140
环境技术员,5,140
实验室技术员,5,140
清洁女工,5,126
儿童动画师,5,126
保姆,5,126
救生员,5,126
加油站,5,126
狗保姆,5,126
美容师,5,126
生态算子,5,126
理发师,5,126
个人客户,5,126
邮差,5,126
骑士,5,126
纹身艺术家,5,126
婚礼策划师,5,126
机场服务员,5,129
客户服务主任,5,129
总机接线员,5,129
客户服务经理,5,129
呼叫中心接线员,5,129
呼叫中心经理,5,129
帮助台技术员,5,129
保安人员,5,128
保镖,5,128
保镖,5,128
警卫,5,128
私家侦探,5,128
IT安全经理,5,128
午夜守门人,5,128
安全经理,5,128
社工,5,139
看护人,5,139
女佣,5,139
文化调解人,5,139
社会福利运营商,5,139
旅行社,5,136
艺人,5,136
空姐,5,136
导游,5,136
女主人,5,136
酒店经理,5,136
口译员,5,126
梅特雷,5,149
酒店礼宾部,5,136
客户经理,5,147
商业代理,5,147
区域经理,5,147
区域经理,5,147
业务员,5,147
大客户经理,5,147
发起人,5,147
销售分析师,5,147
销售经理,5,147
技术销售,5,147
卖方,5,147
トラクタードライバー,6,178
農学者,6,178
農家,6,178
保育士,6,178
フライヤーオペレーター,6,168
買い手,6,168
部長,6,168
レジ,6,168
店員,6,168
衣料品のセールスウーマン,6,168
花屋,6,168
肉屋,6,168
ミステリーショッパー,6,168
ベイカー,6,168
シェルター,6,168
店長,6,168
ウィンドードレッサー,6,168
ビジュアルマーチャンダイザー,6,168
信用回復責任者,6,174
アーキビスト,6,174
事務補助,6,174
課長補佐,6,174
ビジネスアナリスト,6,174
本社,6,174
運用管理者,6,174
プロジェクトマネージャ,6,174
受付,6,174
秘書,6,174
診療所秘書,6,174
俳優,6,175
踊り子,6,175
DJ,6,175
写真家,6,175
グラフィック,6,175
メイクアップアーティスト,6,175
モデル,6,175
針子,6,175
スタイリスト,6,175
音響技術者,6,175
照明技術者,6,175
ワイヤハーネス,6,170
ボイレリスト,6,170
靴屋,6,170
電気技師,6,170
鍛冶屋,6,170
大工,6,170
庭師,6,170
配管工,6,170
画家,6,170
金細工職人,6,170
寄木細工師,6,170
ペーバー,6,170
タイル張り,6,170
家具職人,6,170
ガラス工,6,170
保険代理店,6,164
引受人,6,164
アクチュアリー,6,164
クレーム清算人,6,164
保険の専門家,6,164
リスクマネージャー,6,164
化学者,6,165
薬剤師,6,165
科学情報提供者,6,165
化学の専門家,6,165
ラボマネージャー,6,165
ビジネスコンサルタント,6,163
会計士,6,163
コントローラ,6,163
内部監査人,6,163
監査人,6,163
エレベーターオペレーター,6,169
木工大工,6,169
クレーン操縦者,6,169
左官,6,169
ティンスミス,6,169
煉瓦工,6,169
溶接機,6,169
建築家,6,156
プロダクトデザイナー,6,156
UXデザイナー,6,156
ウェブデザイナー,6,156
クレジットアナリスト,6,157
マーケットアナリスト,6,157
金融アナリスト,6,157
財務顧問,6,157
銀行支店オペレーター,6,157
金融プロモーター,6,157
弁護士,6,137
法律顧問,6,137
法律事務所の秘書,6,137
不動産業者,6,161
ビル管理者,6,161
ファシリティマネージャー,6,161
プロパティマネージャー,6,161
梱包係,6,173
リーンマネージャー,6,173
メカニカルフィッター,6,173
生産労働者,6,173
CNCオペレーター,6,173
CNCプログラマー,6,173
PLCプログラマー,6,173
プロダクションマネージャー,6,173
品質管理者,6,173
整流器,6,173
食品技術者,6,173
画家,6,173
アナリストプログラマー,6,153
コンピューターコンサルタント,6,153
SAPコンサルタント,6,153
データベース管理者,6,153
倫理的ハッカー,6,153
コンピュータープログラマー,6,153
システムエンジニア,6,153
ソフトウェア開発者,6,153
ソフトウェアテスター,6,153
電気技術者,6,153
コンピューター技術者,6,153
ウェブ開発者,6,153
ウェブマスター,6,153
航空宇宙技術者,6,150
環境エンジニア,6,150
生物医学エンジニア,6,150
化学技術者,6,150
土木技師,6,150
マテリアルエンジニア,6,150
自動化エンジニア,6,150
電気通信エンジニア,6,150
プロセスエンジニア,6,150
建設エンジニア,6,150
電気技師,6,150
電気技師,6,150
管理エンジニア,6,150
油圧エンジニア,6,150
産業エンジニア,6,150
コンピューターエンジニア,6,150
機械工学士,6,150
メカトロニクスエンジニア,6,150
海軍技師,6,150
子供の教育者,6,171
高校の先生,6,171
小学校の先生,6,171
サポート教師,6,171
ヨガ講師,6,171
フィットネスインストラクター,6,171
水泳インストラクター,6,171
スポーツインストラクター,6,171
個人トレーナー,6,171
大学教授,6,171
ロジスティクスオフィサー,6,160
輸出入担当者,6,160
運転者,6,172
バス運転手,6,160
トラック運転手,6,160
フォークリフトの運転手,6,160
クーリエサービス,6,160
配達人,6,160
倉庫作業員,6,160
物流マネージャー,6,172
倉庫マネージャー,6,160
フォワーダー,6,172
サプライチェーン管理,6,160
ブランドアンバサダー,6,158
ブランドマネージャー,6,158
コンテンツマネージャ,6,158
データアナリスト,6,158
インフルエンサー,6,158
広報マネージャー,6,158
マーケティング・マネージャー,6,158
メディアバイヤー,6,158
メディアプランナー,6,158
テレマーケティングオペレーター,6,158
企画者,6,158
プロダクトマネージャー,6,158
コミュニケーションマネージャー,6,158
SEOスペシャリスト,6,158
ソーシャルメディアマネージャー,6,158
Webマーケティングマネージャー,6,158
コーチビルダー,6,124
自動車電気技師,6,124
製粉機,6,124
タイヤディーラー,6,124
機械保守技術者,6,124
メカニック,6,124
金属細工人,6,124
機械の専門家,6,124
メカデザイナー,6,124
ターナー,6,124
報道官,6,159
ブロガー,6,159
コピーライター,6,159
ジャーナリスト,6,159
Instagrammer,6,159
編集者,6,159
テクニカルライター,6,159
翻訳者,6,159
Webエディター,6,159
Youtuber,6,159
給与係,6,162
労働コンサルタント,6,162
人事マネージャー,6,162
採用者,6,162
料理を手伝ってください,6,152
バーテンダー,6,152
ウェイター,6,152
クック,6,152
アイスクリーム製造機,6,152
食器洗い機,6,152
パテシエ,6,152
ピッツァイオロ,6,152
レストランマネージャー,6,152
ソムリエ,6,152
寿司屋,6,152
チェアアシスタント,6,122
救急車の運転手,6,122
外科医,6,122
歯科医,6,122
栄養士,6,122
理学療法士,6,122
歯科衛生士,6,122
ナース,6,122
言語聴覚士,6,122
マッサージセラピスト,6,122
医師,6,122
自然療法医,6,122
栄養士,6,122
オペレーターの社会的健康,6,122
整骨療法,6,122
助産師,6,122
オプティカル,6,122
小児科医,6,122
足病医,6,122
心理学者,6,122
心理療法士,6,122
放射線科医,6,122
放射線技師,6,122
獣医,6,122
生物学者,6,140
バイオテクノロジー学者,6,140
データサイエンティスト,6,140
物理的,6,140
地質学者,6,140
社会学者,6,140
環境技術者,6,140
検査技師,6,140
掃除婦,6,166
子供向けアニメーター,6,166
ベビーシッター,6,166
ライフガード,6,166
ガソリンスタンド,6,166
ドッグシッター,6,166
エステティシャン,6,166
エコロジカルオペレーター,6,166
美容師,6,166
パーソナルショッパー,6,166
郵便配達員,6,166
ライダー,6,166
タトゥーアーティスト,6,166
ウェディングプランナー,6,166
空港係員,6,151
カスタマーサービスオフィサー,6,151
交換手,6,151
カスタマーサービスマネージャー,6,151
コールセンターオペレーター,6,151
コールセンターマネージャー,6,151
ヘルプデスク技術者,6,151
警備員,6,167
ボディーガード,6,167
用心棒,6,167
警備員,6,167
私立探偵,6,167
ITセキュリティマネージャー,6,167
ナイトポーター,6,167
保安管理者,6,167
ソーシャルワーカー,6,154
介護者,6,154
メイド,6,154
文化的仲介者,6,154
社会福祉事業者,6,154
旅行代理店,6,155
エンターテイナー,6,155
客室乗務員,6,155
観光ガイド,6,155
ホステス,6,155
ホテルマネージャー,6,176
通訳,6,166
メートル,6,152
ホテルコンシェルジュ,6,155
アカウントマネージャー,6,177
商業エージェント,6,177
エリアマネージャー,6,177
カントリーマネージャー,6,177
事務員,6,177
キーアカウントマネージャ,6,177
プロモーター,6,177
セールスアナリスト,6,177
営業部長,6,177
テクニカルセールス,6,177
売り手,6,177
